{
    "id": "picaso_extruder_1",
    "version": 2,
    "name": "Extruder 1",
    "inherits": "fdmextruder",
    "metadata": {
        "machine": "picaso_designer_xpro",
        "position": "0"
    },

    "overrides": {
        "extruder_nr": {
            "default_value": 0,
            "maximum_value": "1"
        },
        "machine_nozzle_offset_x": { "default_value": 0 },
        "machine_nozzle_offset_y": { "default_value": 0 },
        "material_diameter": { "default_value": 1.75 },
        "machine_extruder_end_code": {
           "default_value": "\n"
        }
    }
}
