{
    "name": "Picaso Designer XPRO",
    "version": 2,
    "inherits": "fdmprinter",
    "metadata": {
        "visible": true,
        "author": "Sergey Ortman",
        "manufacturer": "Picaso3D",
        "file_formats": "text/x-gcode",
        "platform": "picaso_designer_xpro_platform.stl",
        "platform_offset": [ 0, -62, -87],
        "first_start_actions": ["MachineSettingsAction"],

        "machine_extruder_trains": {
            "0": "picaso_extruder_1",
            "1": "picaso_extruder_2"
        },
		"supports_usb_connection": false,

        "has_materials": true,
        "has_variants": true,
        "has_machine_quality": true,
		"quality_definition": "picaso_designer_xpro",
        "preferred_quality_type": "standard",
        "variants_name": "Nozzle",

        "preferred_variant_name": "0.5",
        "preferred_material": "picaso_pla_175",
        "exclude_materials": [
            "picaso_abs_175",
            "picaso_hips_175",
            "picaso_pla_175",
            "picaso_pva_175",
            "picaso_petg_175"
        ]
    },
    "overrides": {
        "machine_name": { "default_value": "Picaso Designer X PRO" },
        "machine_start_gcode": { "default_value": "M104 T0 S{material_print_temperature_layer_0, 0}\nM104 T1 S{material_print_temperature_layer_0, 1}\nM140 S{material_bed_temperature_layer_0}\nM190 S{material_bed_temperature_layer_0}\nM109 T0 S{material_print_temperature_layer_0, 0}\nM109 T1 S{material_print_temperature_layer_0, 1}\n\nG28 ;Home\n\nT{initial_extruder_nr}\nG92 E0 ;Reset Extruder\nG1 Z2.0 F3000 ;Move Z Axis up\n" },
        "machine_end_gcode": { "default_value": "G91 ;Relative positioning\nG1 E-1 Z1 F2400 ;Retract and raise Z\nG90 ;Absolute positionning\n\nG1 X0 Y200 ;Present print\nM106 S0 ;Turn-off fan\nM104 S0 ;Turn-off hotend\nM140 S0 ;Turn-off bed\n\nM84 X Y Z E\n" },

        "machine_max_feedrate_x": { "value": 500 },
        "machine_max_feedrate_y": { "value": 500 },
        "machine_max_feedrate_z": { "value": 10 },
        "machine_max_feedrate_e": { "value": 50 },

        "machine_max_acceleration_x": { "value": 500 },
        "machine_max_acceleration_y": { "value": 500 },
        "machine_max_acceleration_z": { "value": 100 },
        "machine_max_acceleration_e": { "value": 5000 },
        "machine_acceleration": { "value": 500 },

        "machine_max_jerk_xy": { "value": 10 },
        "machine_max_jerk_z": { "value": 0.4 },
        "machine_max_jerk_e": { "value": 5 },
        "machine_width": { "default_value": 200 },
        "machine_depth": { "default_value": 200 },
        "machine_height": { "default_value": 210 },
		"machine_extruder_count": { "default_value": 2 },
		"extruders_enabled_count": { "default_value": 2 },
        "machine_head_with_fans_polygon": { "default_value": [
                [-26, 34],
                [-26, -32],
                [32, -32],
                [32, 34]
            ]
        },
        "machine_heated_bed": { "default_value": true },
        "material_diameter": { "default_value": 1.75 },

        "acceleration_print": { "value": 500 },
        "acceleration_travel": { "value": 500 },
        "acceleration_travel_layer_0": { "value": "acceleration_travel" },
        "acceleration_roofing": { "enabled": "acceleration_enabled and roofing_layer_count > 0 and top_layers > 0" },

        "jerk_print": { "value": 8 },
        "jerk_travel": { "value": "jerk_print" },
        "jerk_travel_layer_0": { "value": "jerk_travel" },

        "acceleration_enabled": { "value": false },
        "jerk_enabled": { "value": false },

		"layer_height": {"default_value": 0.2 },
		"layer_height_0": { "value" : "layer_height" },

        "gantry_height": { "value": 25 },
        "speed_print": { "value": 50.0 } ,
        "speed_infill": { "value": "speed_print" },
        "speed_wall": { "value": "speed_print / 2" },
        "speed_wall_0": { "value": "speed_wall" },
        "speed_wall_x": { "value": "speed_wall" },
        "speed_topbottom": { "value": "speed_print * 2 / 3" },
        "speed_roofing": { "value": "speed_topbottom" },
        "speed_travel": { "value": 100.0 },
        "speed_layer_0": { "value": 25.0 },
        "speed_print_layer_0": { "value": "speed_layer_0" },
        "speed_travel_layer_0": { "value": "speed_travel" },
        "speed_prime_tower": { "value": "speed_topbottom" },
        "speed_support": { "value": "speed_wall_0" },
        "speed_support_interface": { "value": "speed_topbottom" },
        "speed_z_hop": { "value": 5 },

        "skirt_brim_speed": { "value": "speed_layer_0" },

        "optimize_wall_printing_order": { "value": true },

        "material_initial_print_temperature": { "value": "material_print_temperature" },
        "material_final_print_temperature": { "value": "material_print_temperature" },
		"material_shrinkage_percentage": {
		 "enabled": "True",
		 "resolve": "max(extruderValues(\"material_shrinkage_percentage\"))"
		},
        "material_flow": { "value": 100 },
        "travel_compensate_overlapping_walls_0_enabled": { "value": false },

        "z_seam_type": { "value": "'back'" },
        "z_seam_corner": { "value": "'z_seam_corner_weighted'" },
        
        "infill_sparse_density": { "value": "30" },
        "infill_pattern": { "value": "'lines' if infill_sparse_density > 50 else 'triangles'" },
        "infill_before_walls": { "value": false },
        "infill_overlap": { "value": 10.0 },
		"zig_zaggify_infill": {"value": true },
        "skin_overlap": { "value": 0.0 },
        "infill_wipe_dist": { "value": 0.0 },
        "wall_0_wipe_dist": { "value": 0.0 },
		"wall_min_flow_retract": {"default_value": true },

        "fill_perimeter_gaps": { "value": "'everywhere'" },
        "fill_outline_gaps": { "value": false },
        "filter_out_tiny_gaps": { "value": false },
        
        "retraction_hop_enabled": { "value": true },
        "retraction_hop": { "value": 0.5 },
        "retraction_combing": { "value": false },
        "retraction_combing_max_distance": { "value": 30 },
        "travel_avoid_other_parts": { "value": true },
        "travel_avoid_supports": { "value": true },
        "travel_retract_before_outer_wall": { "value": true },
        
        "retraction_enable": { "value": true },
        "retraction_count_max": { "value": 10 },
        "retraction_extrusion_window": { "value": 10 },
        "retraction_min_travel": { "value": 1.5 },
		"retraction_amount": { "value": 2 },
		"retraction_speed": { "value": 20 },
		"retraction_count_max": {"value": 10000, "maximum_value_warning": 10000},
		"limit_support_retractions": { "default_value": false },
		"switch_extruder_retraction_amount": {"value": "retraction_amount" },
		"retraction_hop_after_extruder_switch": {"value": true },
		"retraction_hop_after_extruder_switch_height": {"value": 5 },

        "cool_fan_full_at_height": { "value": "layer_height_0 + 2 * layer_height" },
        "cool_fan_enabled": { "value": true },
        "cool_min_layer_time": { "value": 10 },

        "adhesion_type": { "value": "'raft'" },
		"adhesion_extruder_nr": { "value": "support_extruder_nr" },
		"raft_margin": { "default_value": 5 },
		"raft_interface_speed": {"value": "raft_speed"},
		"raft_airgap": {"value": "0.3 if adhesion_extruder_nr == top_bottom_extruder_nr else 0"},
        "brim_replaces_support": { "value": false },
        "skirt_gap": { "value": 5.0 },
        "skirt_line_count": { "value": 1 },

        "adaptive_layer_height_variation": { "value": 0.04 },
        "adaptive_layer_height_variation_step": { "value": 0.04 },

        "meshfix_maximum_resolution": { "value": "0.25" },
        "meshfix_maximum_travel_resolution": { "value": "meshfix_maximum_resolution" },

		"support_enable": {"value": true },
		"support_offset": {"default_value": 1},
		"support_extruder_nr": {"value": "1 if extruders_enabled_count > 1 else 0"},
        "support_angle": { "value": "math.floor(math.degrees(math.atan(line_width/1.5/layer_height)))", "default_value": "max(extruderValues('support_angle'))" },
        "support_pattern": { "value": "'zigzag'" },
        "support_infill_rate": { "value": "0 if support_enable and support_structure == 'tree' else 20" },
        "support_use_towers": { "value": false },
        "support_xy_distance": { "value": "wall_line_width_0 * 1.5" },
        "support_xy_distance_overhang": { "value": "wall_line_width_0" },
        "support_z_distance": { "value": "0 if support_extruder_nr == 1 else 0.1" },
        "support_xy_overrides_z": { "value": "'xy_overrides_z'" },
        "support_wall_count": { "value": 1 },
        "support_brim_enable": { "value": true },
        "support_brim_width": { "value": 4 },

        "support_interface_enable": { "value": true },
        "support_interface_height": { "value": "layer_height * 4" },
        "support_interface_density": { "value": 100 },
        "support_interface_pattern": { "value": "'zigzag'" },
        "support_interface_skip_height": { "value": 0.2 },
        "minimum_support_area": { "value": 2 },
        "minimum_interface_area": { "value": 10 },
        "top_bottom_thickness": {"value":  "layer_height_0 + layer_height * 3" },
        "wall_thickness": {"value": "line_width * 2" },
		"wall_min_flow": {"value": 50},
		"wall_line_count": {"value": 3},
		"z_seam_relative": {"value": true},
		"z_seam_x": {"value": 0},
		"z_seam_y": {"value": 5},
		
		"prime_tower_enable": {"default_value": "extruders_enabled_count > 1" }
	
    }
}
